id,firstName,lastName,department,tierLevel,imageRef,username,email,password
0,test,test,,,,test,test,test
1,Kobe,Bryant,accounting,4,profilePics/kobe.bryant.png,kobe.bryant,kobe.bryant@gmail.com,1234
2,Michael,Jordan,accounting,1,profilePics/michael.jordan.png,michael.jordan,michael.jordan@gmail.com,1234
3,Miley,Cyrus,accounting,4,profilePics/miley.cyrus.png,miley.cyrus,miley.cyrus@gmail.com,1234
4,Nelson,Mandela,accounting,4,,nelson.mandela,nelson.mandela@gmail.com,1234
5,Christopher,Columbus,accounting,3,,christopher.columbus,christopher.columbus@gmail.com,1234
6,Katy,Perry,accounting,3,,katy.perry,katy.perry@gmail.com,1234
7,Daffy,Duck,accounting,2,,daffy.duck,daffy.duck@gmail.com,1234
8,Johnny,Depp,accounting,1,,johnny.depp,johnny.depp@gmail.com,1234
9,Daniel,Radcliffe,accounting,2,,daniel.radcliffe,daniel.radcliffe@gmail.com,1234
10,David,Beckham,accounting,3,,david.beckham,david.beckham@gmail.com,1234
11,Marshall,Mathers III,accounting,4,,marshall.mathers iii,marshall.mathers iii@gmail.com,1234
12,Kevin,Spacey,accounting,1,,kevin.spacey,kevin.spacey@gmail.com,1234
13,Serena,Williams,accounting,3,,serena.williams,serena.williams@gmail.com,1234
14,Herbert,Wright,accounting,1,,herbert.wright,herbert.wright@gmail.com,1234
15,Dave,Chapelle,accounting,2,,dave.chapelle,dave.chapelle@gmail.com,1234
16,Michael,Scott,accounting,4,,michael.scott,michael.scott@gmail.com,1234
17,Theodor,Geisel,accounting,3,,theodor.geisel,theodor.geisel@gmail.com,1234
18,Steve,Jobs,accounting,4,,steve.jobs,steve.jobs@gmail.com,1234
19,Kyler,Murray,accounting,3,,kyler.murray,kyler.murray@gmail.com,1234
20,John,Kennedy,accounting,2,,john.kennedy,john.kennedy@gmail.com,1234
21,Whoopi,Goldberg,accounting,4,,whoopi.goldberg,whoopi.goldberg@gmail.com,1234
22,Kevin,Hart,accounting,2,,kevin.hart,kevin.hart@gmail.com,1234
23,Andre,White,accounting,1,,andre.white,andre.white@gmail.com,1234
24,Napoleon,Dynamite,accounting,4,,napoleon.dynamite,napoleon.dynamite@gmail.com,1234
25,Napoleon,Bonaparte,accounting,2,,napoleon.bonaparte,napoleon.bonaparte@gmail.com,1234
26,Lebron,James,development,2,,lebron.james,lebron.james@gmail.com,1234
27,Barrack,Obama,development,2,,barrack.obama,barrack.obama@gmail.com,1234
28,Kim,Kardashian,development,2,,kim.kardashian,kim.kardashian@gmail.com,1234
29,Mahatma,Ghandi,development,1,,mahatma.ghandi,mahatma.ghandi@gmail.com,1234
30,Donald,Duck,development,3,,donald.duck,donald.duck@gmail.com,1234
31,Brittney,Spears,development,3,,brittney.spears,brittney.spears@gmail.com,1234
32,Paris,Hilton,development,1,,paris.hilton,paris.hilton@gmail.com,1234
33,Hugh,Jackman,development,2,,hugh.jackman,hugh.jackman@gmail.com,1234
34,Vladimir,Putin,development,1,,vladimir.putin,vladimir.putin@gmail.com,1234
35,Madonna,Ciccone,development,2,,madonna.ciccone,madonna.ciccone@gmail.com,1234
36,Andrew,Murray,development,1,,andrew.murray,andrew.murray@gmail.com,1234
37,Brad,Pitt,development,2,,brad.pitt,brad.pitt@gmail.com,1234
38,Peter,Parker,development,3,,peter.parker,peter.parker@gmail.com,1234
39,Master,Chief,development,4,,master.chief,master.chief@gmail.com,1234
40,Tony,Stark,development,1,,tony.stark,tony.stark@gmail.com,1234
41,Bruce,Banner,development,3,,bruce.banner,bruce.banner@gmail.com,1234
42,Warren,Buffett,development,3,,warren.buffett,warren.buffett@gmail.com,1234
43,Lewis,Carroll,development,4,,lewis.carroll,lewis.carroll@gmail.com,1234
44,JK,Rowling,development,2,,jk.rowling,jk.rowling@gmail.com,1234
45,Clint,Eastwood,development,4,,clint.eastwood,clint.eastwood@gmail.com,1234
46,Oprah,Winfrey,development,1,,oprah.winfrey,oprah.winfrey@gmail.com,1234
47,Julia,Roberts,development,3,,julia.roberts,julia.roberts@gmail.com,1234
48,Neil,Armstrong,development,2,,neil.armstrong,neil.armstrong@gmail.com,1234
49,Arnold,Palmer,development,4,,arnold.palmer,arnold.palmer@gmail.com,1234
50,Ray,Charles,development,3,,ray.charles,ray.charles@gmail.com,1234
51,Hugh,Heffner,development,2,,hugh.heffner,hugh.heffner@gmail.com,1234
52,Martin,King Jr.,development,2,,martin.king jr.,martin.king jr.@gmail.com,1234
53,Austin,Powers,development,4,,austin.powers,austin.powers@gmail.com,1234
54,Michael,Myers,development,4,,michael.myers,michael.myers@gmail.com,1234
55,Pamela,Anderson,development,3,,pamela.anderson,pamela.anderson@gmail.com,1234
56,Jordan,Sparks,development,3,,jordan.sparks,jordan.sparks@gmail.com,1234
57,Devin,Booker,finance,4,,devin.booker,devin.booker@gmail.com,1234
58,Kayne,West,finance,1,,kayne.west,kayne.west@gmail.com,1234
59,Jay,Leno,finance,1,,jay.leno,jay.leno@gmail.com,1234
60,David,Letterman,finance,4,,david.letterman,david.letterman@gmail.com,1234
61,Jennifer,Aniston,finance,2,,jennifer.aniston,jennifer.aniston@gmail.com,1234
62,Jack,Nicholson,finance,4,,jack.nicholson,jack.nicholson@gmail.com,1234
63,Roger,Federer,finance,1,,roger.federer,roger.federer@gmail.com,1234
64,Bill,Gates,finance,1,,bill.gates,bill.gates@gmail.com,1234
65,Tom,Hanks,finance,1,,tom.hanks,tom.hanks@gmail.com,1234
66,Walt,Disney,finance,2,,walt.disney,walt.disney@gmail.com,1234
67,Scooby,Doo,finance,4,,scooby.doo,scooby.doo@gmail.com,1234
68,Thomas,Jefferson,finance,2,,thomas.jefferson,thomas.jefferson@gmail.com,1234
69,Nicholas,Cage,finance,3,,nicholas.cage,nicholas.cage@gmail.com,1234
70,Freddy,Krueger,finance,3,,freddy.krueger,freddy.krueger@gmail.com,1234
71,Bob,Ross,finance,2,,bob.ross,bob.ross@gmail.com,1234
72,Pablo,Picasso,finance,4,,pablo.picasso,pablo.picasso@gmail.com,1234
73,Dwayne,Johnson,finance,1,,dwayne.johnson,dwayne.johnson@gmail.com,1234
74,Snoop,Dogg,finance,2,,snoop.dogg,snoop.dogg@gmail.com,1234
75,Bob,Marley,finance,4,,bob.marley,bob.marley@gmail.com,1234
76,McLovin,McLovin,finance,3,,mclovin.mclovin,mclovin.mclovin@gmail.com,1234
77,Margaret,Thatcher,legal,1,,margaret.thatcher,margaret.thatcher@gmail.com,1234
78,George,Washington,legal,1,,george.washington,george.washington@gmail.com,1234
79,Justin,Beiber,legal,2,,justin.beiber,justin.beiber@gmail.com,1234
80,Lady,Gaga,legal,4,,lady.gaga,lady.gaga@gmail.com,1234
81,Justin,Timberlake,legal,4,,justin.timberlake,justin.timberlake@gmail.com,1234
82,Elle,McPherson,legal,4,,elle.mcpherson,elle.mcpherson@gmail.com,1234
83,Matt,Damon,legal,3,,matt.damon,matt.damon@gmail.com,1234
84,Kylie,Minogue,legal,3,,kylie.minogue,kylie.minogue@gmail.com,1234
85,Mickey,Mouse,legal,4,,mickey.mouse,mickey.mouse@gmail.com,1234
86,Simon,Cowell,legal,1,,simon.cowell,simon.cowell@gmail.com,1234
87,Ludwig,Beethoven,legal,1,,ludwig.beethoven,ludwig.beethoven@gmail.com,1234
88,Will,Smith,legal,2,profilePics/will.smith.png,will.smith,will.smith@gmail.com,1234
89,Henry,Ford,legal,4,,henry.ford,henry.ford@gmail.com,1234
90,Arnold,Schwarzenegger,legal,3,,arnold.schwarzenegger,arnold.schwarzenegger@gmail.com,1234
91,Abraham,Lincoln,legal,4,,abraham.lincoln,abraham.lincoln@gmail.com,1234
92,Deandre,Hopkins,legal,1,,deandre.hopkins,deandre.hopkins@gmail.com,1234
93,John,Legend,legal,3,,john.legend,john.legend@gmail.com,1234
94,Thomas,Edison,legal,4,,thomas.edison,thomas.edison@gmail.com,1234
95,Jim,Carrey,legal,3,,jim.carrey,jim.carrey@gmail.com,1234
96,Helen,Keller,legal,3,,helen.keller,helen.keller@gmail.com,1234
97,Robin,Williams,legal,2,,robin.williams,robin.williams@gmail.com,1234
98,Jessica,Simpson,legal,2,,jessica.simpson,jessica.simpson@gmail.com,1234
99,Charlie,Chaplin,legal,4,,charlie.chaplin,charlie.chaplin@gmail.com,1234
100,Mohammad,Ali,legal,3,,mohammad.ali,mohammad.ali@gmail.com,1234
101,Chris,Rock,legal,2,profilePics/chris.rock.png,chris.rock,chris.rock@gmail.com,1234